id,user_id,start_date,end_date,plan_id,created_at,updated_at,price,status,notes,freeze_days_used,freeze_attempts,frozen_until,has_discount,discount_amount
48,72,2024-11-08 18:05:36,2025-11-07 18:05:36,3,2024-11-08 18:05:36,2024-11-08 21:03:16,1000000,paid,,0,0,,0,
59,77,2024-11-03 13:05:38,2024-11-03 13:05:38,6,2024-11-13 13:05:49,2024-11-13 13:06:53,10000,paid,,0,0,,0,
60,79,2024-11-04 13:09:43,2024-12-04 13:09:43,1,2024-11-13 13:10:12,2024-11-13 13:10:12,100000,paid,,0,0,,0,
61,80,2024-11-04 13:11:51,2024-12-04 13:11:51,1,2024-11-13 13:12:02,2024-11-13 13:12:02,100000,paid,,0,0,,0,
62,81,2024-11-05 13:13:25,2024-12-05 13:13:25,1,2024-11-13 13:14:00,2024-11-13 14:13:02,100000,paid,,0,0,,0,
63,82,2024-11-10 13:13:59,2024-12-10 13:13:59,1,2024-11-13 13:15:30,2024-11-18 19:06:00,100000,paid,,0,0,,0,
64,83,2024-11-05 13:16:29,2024-12-05 13:16:29,1,2024-11-13 13:16:53,2024-11-13 13:16:53,100000,paid,,0,0,,0,
65,77,2024-11-06 13:17:23,2024-11-06 13:17:23,6,2024-11-13 13:17:59,2024-11-13 13:17:59,10000,paid,,0,0,,0,
66,84,2024-11-06 13:19:34,2024-12-06 13:19:34,1,2024-11-13 13:20:01,2024-11-13 13:20:01,100000,paid,,0,0,,0,
67,85,2024-11-10 13:20:08,2024-12-10 13:20:08,1,2024-11-13 13:20:38,2024-11-13 13:20:38,100000,paid,,0,0,,0,
68,87,2024-11-07 13:22:23,2024-11-07 13:22:23,6,2024-11-13 13:22:44,2024-11-13 13:22:44,10000,paid,,0,0,,0,
69,86,2024-11-11 13:22:16,2024-12-11 13:22:16,1,2024-11-13 13:22:52,2024-11-13 14:16:25,1000000,paid,,0,0,,0,
70,88,2024-11-11 13:25:19,2024-12-11 13:25:19,1,2024-11-13 13:25:31,2024-11-13 13:25:31,100000,paid,,0,0,,0,
71,91,2024-11-11 13:28:34,2024-11-11 13:28:34,6,2024-11-13 13:28:57,2024-11-13 13:28:57,10000,paid,,0,0,,0,
72,90,2024-11-07 13:27:45,2024-12-07 13:27:45,1,2024-11-13 13:29:21,2024-11-13 13:29:21,100000,paid,,0,0,,0,
73,92,2024-11-07 13:30:17,2024-12-07 13:30:17,1,2024-11-13 13:30:50,2024-11-13 13:30:50,100000,paid,,0,0,,0,
74,93,2024-11-11 13:30:42,2024-12-11 13:30:42,1,2024-11-13 13:31:20,2024-11-13 13:31:20,100000,paid,,0,0,,0,
75,94,2024-11-09 13:32:43,2024-11-09 13:32:43,6,2024-11-13 13:33:10,2024-11-13 13:33:10,10000,paid,,0,0,,0,
77,95,2024-11-11 13:34:16,2024-11-11 13:34:16,6,2024-11-13 13:35:12,2024-11-13 13:35:12,10000,paid,1 seance,0,0,,0,
78,96,2024-11-11 13:35:12,2024-11-11 13:35:12,6,2024-11-13 13:35:41,2024-11-13 13:35:41,10000,paid,,0,0,,0,
79,97,2024-11-12 13:36:32,2024-11-12 13:36:32,6,2024-11-13 13:36:54,2024-11-13 13:36:54,10000,paid,,0,0,,0,
80,98,2024-11-12 13:38:31,2024-12-12 13:38:31,1,2024-11-13 13:39:10,2024-11-13 13:48:00,100000,paid,1 mois + 12 séance,0,0,,0,
81,99,2024-11-12 13:42:36,2024-12-12 13:42:36,1,2024-11-13 13:42:59,2024-11-13 13:42:59,100000,paid,,0,0,,0,
82,100,2024-11-13 13:44:56,2024-12-13 13:44:56,1,2024-11-13 13:45:00,2024-11-13 13:45:00,100000,paid,,0,0,,0,
83,101,2024-11-13 17:14:33,2024-12-13 17:14:33,1,2024-11-13 17:14:33,2024-11-13 17:18:46,100000,paid,,0,0,,0,
84,102,2024-12-10 07:00:00,2025-03-10 07:00:00,4,2024-11-13 19:04:00,2025-01-23 12:09:54,280000,paid,"subscripiton frozen for 10 days, from 28/11/2024 till 07/12/2024\r\n\r\nAccount reset based on Fatima’s WhatsApp voice",1,1,2024-12-07,0,
85,103,2024-11-14 17:35:32,2024-11-15 17:35:32,6,2024-11-14 17:35:32,2024-11-14 17:37:37,10000,paid,,0,0,,0,
86,104,2024-11-14 18:06:29,2024-12-14 18:06:29,1,2024-11-14 18:06:30,2024-11-14 18:08:28,100000,paid,,0,0,,0,
87,105,2024-11-14 19:15:15,2024-12-14 19:15:15,1,2024-11-14 19:15:15,2024-11-14 19:16:18,100000,paid,,0,0,,0,
88,106,2024-11-14 19:43:23,2024-12-14 19:43:23,1,2024-11-14 19:43:23,2024-11-14 19:44:10,100000,paid,,0,0,,0,
89,112,2024-12-01 14:53:07,2025-01-01 14:53:07,1,2024-11-15 14:53:07,2024-12-06 19:08:20,100000,paid,,0,0,,0,
90,113,2024-11-15 14:59:53,2024-12-15 14:59:53,1,2024-11-15 14:59:53,2024-11-15 15:01:55,100000,paid,,0,0,,0,
91,115,2024-11-15 17:52:23,2024-12-15 17:52:23,1,2024-11-15 17:52:23,2024-11-15 17:53:18,100000,paid,,0,0,,0,
92,117,2024-11-15 18:46:51,2024-12-15 18:46:51,1,2024-11-15 18:46:51,2024-11-15 18:48:30,100000,paid,,0,0,,0,
93,119,2024-11-15 18:49:03,2024-11-16 18:49:03,6,2024-11-15 18:49:03,2024-11-15 18:52:35,10000,paid,,0,0,,0,
94,118,2024-11-15 18:50:22,2024-12-15 18:50:22,1,2024-11-15 18:50:22,2024-11-16 09:54:11,100000,paid,,0,0,,0,
95,120,2024-11-15 19:18:48,2024-12-15 19:18:47,1,2024-11-15 19:19:06,2024-11-15 19:19:06,100000,paid,,0,0,,0,
96,121,2024-11-16 18:48:05,2024-12-16 18:48:05,1,2024-11-16 18:48:05,2024-11-16 18:49:42,100000,paid,,0,0,,0,
97,119,2024-11-17 12:15:17,2024-12-17 12:15:17,1,2024-11-17 12:15:17,2024-11-17 12:16:49,100000,paid,,0,0,,0,
98,122,2024-11-17 15:53:49,2024-11-18 15:53:49,6,2024-11-17 15:53:49,2024-11-17 15:54:43,10000,paid,,0,0,,0,
99,125,2024-11-18 12:43:29,2024-12-18 12:43:29,1,2024-11-18 12:43:29,2024-11-19 09:02:46,100000,paid,,0,0,,0,
100,89,2024-11-18 16:01:18,2024-12-18 16:01:18,1,2024-11-18 16:01:34,2024-11-18 19:39:26,100000,paid,,0,0,,0,
101,128,2024-11-18 17:53:37,2024-12-18 17:53:37,1,2024-11-18 17:53:37,2024-11-18 19:12:57,100000,paid,,0,0,,0,
102,129,2024-11-18 17:56:55,2024-12-18 17:56:55,1,2024-11-18 17:56:55,2024-11-18 18:00:20,100000,paid,,0,0,,0,
103,130,2024-11-18 19:40:14,2025-02-16 19:40:14,4,2024-11-18 19:40:14,2024-11-18 19:42:02,280000,paid,,0,0,,0,
104,132,2024-11-19 17:31:35,2024-12-19 17:31:35,1,2024-11-19 17:31:35,2024-11-20 17:48:17,100000,paid,,0,0,,0,
105,133,2024-11-19 17:36:30,2024-12-19 17:36:30,1,2024-11-19 17:36:30,2024-11-20 17:50:08,100000,paid,,0,0,,0,
106,123,2024-11-20 07:49:44,2024-11-21 07:49:44,6,2024-11-20 07:49:44,2024-11-20 07:51:07,10000,paid,,0,0,,0,
107,136,2024-11-20 21:04:06,2024-12-20 21:04:06,1,2024-11-20 21:04:06,2024-11-23 14:27:30,90000,paid,students discount,0,0,,1,
108,138,2024-11-21 18:43:17,2024-12-21 18:43:17,1,2024-11-21 18:43:17,2024-11-21 18:45:17,100000,paid,,0,0,,0,
109,139,2024-11-22 12:24:25,2024-12-22 12:24:25,1,2024-11-22 12:24:25,2024-11-22 12:25:27,100000,paid,,0,0,,0,
110,140,2024-11-22 20:20:56,2024-12-22 20:20:56,1,2024-11-22 20:20:56,2024-11-25 17:33:52,100000,paid,,0,0,,0,
111,137,2024-11-23 15:29:23,2024-12-23 15:29:28,1,2024-11-23 15:30:17,2024-11-23 15:30:17,100000,paid,,0,0,,0,0.00
112,142,2024-11-23 15:33:04,2024-12-23 15:33:08,1,2024-11-23 15:33:28,2024-11-23 15:33:28,100000,paid,,0,0,,0,0.00
113,145,2024-11-25 16:09:25,2024-12-25 16:09:25,1,2024-11-25 16:09:25,2024-11-27 16:16:19,100000,paid,,0,0,,0,
114,146,2024-11-25 23:47:38,2024-12-25 23:47:38,1,2024-11-25 23:47:38,2024-11-27 18:47:51,100000,paid,,0,0,,0,
115,147,2024-11-26 06:54:40,2025-12-26 06:54:40,3,2024-11-26 06:54:40,2025-03-13 13:48:29,1000000,paid,FREEZED BY TIMA BY HIS REQUEST .,30,1,2025-04-03,0,
116,148,2024-11-26 18:11:24,2024-11-27 18:11:24,6,2024-11-26 18:11:24,2024-11-26 18:13:29,10000,paid,,0,0,,0,
117,149,2024-11-26 18:35:33,2024-12-26 18:35:33,1,2024-11-26 18:35:33,2024-11-26 18:36:16,100000,paid,,0,0,,0,
118,150,2024-11-26 20:08:33,2024-11-27 20:08:33,6,2024-11-26 20:08:34,2024-11-26 20:13:03,10000,paid,,0,0,,0,
119,151,2024-11-26 20:09:08,2024-11-27 20:09:08,6,2024-11-26 20:09:08,2024-11-26 20:12:23,10000,paid,,0,0,,0,
120,152,2024-11-26 20:10:41,2024-11-27 20:10:41,6,2024-11-26 20:10:41,2024-11-26 20:11:40,10000,paid,,0,0,,0,
121,123,2024-11-28 08:09:04,2024-11-29 08:09:04,6,2024-11-28 08:09:04,2024-11-28 08:48:49,10000,paid,,0,0,,0,
122,151,2024-11-28 19:54:34,2024-11-29 19:54:34,6,2024-11-28 19:54:34,2024-11-28 19:57:00,10000,paid,,0,0,,0,
123,152,2024-11-28 19:55:09,2024-11-29 19:55:09,6,2024-11-28 19:55:09,2024-11-28 19:56:29,10000,paid,,0,0,,0,
124,153,2024-11-29 07:47:31,2024-11-30 07:47:31,6,2024-11-29 07:47:31,2024-11-29 09:29:22,10000,paid,,0,0,,0,
125,154,2024-11-30 14:19:23,2024-12-30 14:19:23,1,2024-11-30 14:19:23,2024-11-30 14:28:22,100000,paid,Paiement par carte,0,0,,0,
126,155,2024-11-30 14:19:44,2024-12-30 14:19:44,1,2024-11-30 14:19:44,2024-11-30 14:28:55,100000,paid,Paiement par carte,0,0,,0,
127,123,2024-11-30 14:48:47,2024-12-01 14:48:47,6,2024-11-30 14:48:47,2024-11-30 14:50:50,10000,paid,,0,0,,0,
128,157,2024-12-02 18:11:56,2025-01-01 18:11:56,1,2024-12-02 18:11:56,2024-12-02 18:23:37,100000,paid,,0,0,,0,
129,151,2024-12-02 19:53:53,2024-12-03 19:53:53,6,2024-12-02 19:53:53,2024-12-02 20:02:07,10000,paid,,0,0,,0,
130,152,2024-12-02 19:58:14,2024-12-03 19:58:14,6,2024-12-02 19:58:14,2024-12-02 19:59:48,10000,paid,,0,0,,0,
131,150,2024-12-02 19:58:24,2024-12-03 19:58:24,6,2024-12-02 19:58:24,2024-12-02 19:59:14,10000,paid,,0,0,,0,
132,158,2024-12-03 16:16:54,2025-12-03 16:16:54,3,2024-12-03 16:16:54,2024-12-03 16:19:50,1000000,paid,,0,0,,0,
133,159,2024-12-03 18:40:32,2025-01-02 18:40:32,1,2024-12-03 18:40:32,2024-12-03 18:42:55,100000,paid,,0,0,,0,
134,160,2024-12-03 21:55:59,2025-01-02 21:55:59,1,2024-12-03 21:55:59,2025-04-02 18:28:07,100000,paid,,0,0,,0,
135,123,2024-12-04 10:32:10,2024-12-05 10:32:10,6,2024-12-04 10:32:10,2024-12-04 10:33:48,10000,paid,,0,0,,0,
136,161,2024-12-04 18:46:20,2025-01-03 18:46:20,1,2024-12-04 18:46:20,2024-12-04 19:09:21,100000,paid,,0,0,,0,
137,123,2024-12-06 10:32:10,2025-01-05 10:32:10,1,2024-12-05 08:16:30,2024-12-05 08:17:16,100000,paid,,0,0,,0,
138,116,2024-12-06 18:15:51,2025-01-05 18:15:51,1,2024-12-06 18:15:51,2024-12-07 15:22:07,100000,paid,,0,0,,0,
139,162,2024-12-08 11:19:47,2024-12-09 11:19:47,6,2024-12-08 11:19:47,2024-12-08 11:22:20,10000,paid,,0,0,,0,
140,148,2024-12-09 18:23:10,2024-12-10 18:23:10,6,2024-12-09 18:23:10,2024-12-09 18:24:30,10000,paid,,0,0,,0,
141,90,2024-12-09 18:45:24,2025-01-08 18:45:24,1,2024-12-09 18:45:24,2024-12-09 18:47:23,100000,paid,,0,0,,0,
142,93,2024-12-12 13:30:42,2025-01-11 13:30:42,1,2024-12-10 18:29:10,2024-12-10 18:32:01,100000,paid,,0,0,,0,
143,163,2024-12-11 16:19:03,2024-12-12 16:19:03,6,2024-12-11 16:19:03,2024-12-11 16:19:37,10000,paid,,0,0,,0,
145,166,2024-12-13 14:06:15,2025-01-12 14:06:15,1,2024-12-13 14:06:15,2024-12-13 14:06:51,100000,paid,,0,0,,0,
146,92,2024-12-13 17:23:56,2025-01-12 17:23:56,1,2024-12-13 17:23:56,2024-12-13 17:24:26,100000,paid,,0,0,,0,
147,168,2024-12-13 17:25:37,2024-12-14 17:25:37,6,2024-12-13 17:25:37,2024-12-13 17:28:17,10000,paid,,0,0,,0,
148,169,2024-12-13 17:26:02,2024-12-14 17:26:02,6,2024-12-13 17:26:02,2024-12-13 17:28:50,10000,paid,,0,0,,0,
149,170,2024-12-13 18:34:16,2025-01-12 18:34:16,1,2024-12-13 18:34:16,2024-12-13 18:34:52,100000,paid,,0,0,,0,
150,115,2024-12-16 17:52:23,2025-01-15 17:52:23,1,2024-12-15 10:48:32,2024-12-15 10:49:04,100000,paid,,0,0,,0,
151,104,2024-12-16 09:10:06,2025-01-15 09:10:06,1,2024-12-16 09:10:06,2024-12-16 09:13:04,100000,paid,,0,0,,0,
152,172,2024-12-16 10:27:46,2025-01-15 10:27:46,1,2024-12-16 10:27:46,2024-12-16 10:28:39,100000,paid,,0,0,,0,
153,173,2024-12-16 11:13:56,2025-01-15 11:13:56,1,2024-12-16 11:13:56,2024-12-16 11:19:28,100000,paid,,0,0,,0,
154,174,2024-12-16 11:37:34,2025-01-15 11:37:34,1,2024-12-16 11:37:34,2024-12-16 11:40:41,100000,paid,,0,0,,0,
155,177,2024-12-16 17:34:32,2025-01-15 17:34:32,1,2024-12-16 17:34:32,2024-12-16 17:36:11,100000,paid,,0,0,,0,
156,178,2024-12-17 10:43:57,2025-01-16 10:43:57,1,2024-12-17 10:43:57,2024-12-17 10:45:39,100000,paid,,0,0,,0,
157,179,2024-12-17 10:46:09,2025-01-16 10:46:09,1,2024-12-17 10:46:09,2024-12-17 10:47:42,100000,paid,,0,0,,0,
158,180,2024-12-17 20:17:34,2024-12-18 20:17:34,6,2024-12-17 20:17:34,2024-12-17 20:20:29,10000,paid,,0,0,,0,
159,117,2024-12-18 17:26:50,2025-01-17 17:26:50,1,2024-12-18 17:26:50,2024-12-18 17:39:53,100000,paid,,0,0,,0,
160,181,2024-12-19 08:24:55,2025-01-18 08:24:55,1,2024-12-19 08:24:55,2024-12-19 08:28:29,100000,paid,,0,0,,0,
161,132,2024-12-19 18:31:31,2025-01-18 18:31:31,1,2024-12-19 18:31:31,2024-12-20 19:14:27,100000,paid,,0,0,,0,
162,182,2024-12-19 18:47:49,2025-01-18 18:47:49,1,2024-12-19 18:47:49,2024-12-19 18:49:46,100000,paid,,0,0,,0,
163,105,2024-12-19 19:44:19,2025-01-18 19:44:19,1,2024-12-19 19:44:19,2024-12-19 19:44:37,100000,paid,,0,0,,0,
164,183,2024-12-19 21:05:42,2025-01-18 21:05:42,1,2024-12-19 21:05:42,2024-12-19 21:06:41,100000,paid,,0,0,,0,
165,83,2024-12-09 00:00:00,2025-01-09 00:00:00,1,2024-12-20 15:24:47,2024-12-20 15:24:47,100000,paid,,0,0,,0,
167,128,2024-12-20 18:16:33,2025-01-19 18:16:33,1,2024-12-20 18:16:33,2024-12-20 18:19:19,100000,paid,,0,0,,0,
168,162,2024-12-21 11:58:12,2024-12-22 11:58:12,6,2024-12-21 11:58:12,2024-12-21 11:59:45,10000,paid,,0,0,,0,
170,187,2024-12-23 08:09:20,2024-12-24 08:09:20,6,2024-12-23 08:09:20,2024-12-23 08:11:39,10000,paid,,0,0,,0,
171,187,2024-12-25 08:09:20,2025-01-24 08:09:20,1,2024-12-23 08:09:41,2024-12-23 08:10:54,100000,paid,,0,0,,0,
173,188,2024-12-23 15:04:48,2025-01-22 15:04:48,1,2024-12-23 15:04:48,2024-12-23 15:05:49,100000,paid,,0,0,,0,
174,189,2024-12-26 17:26:57,2025-01-25 17:26:57,1,2024-12-26 17:26:57,2024-12-26 17:33:35,100000,paid,,0,0,,0,
175,190,2024-12-26 21:06:56,2025-01-25 21:06:56,1,2024-12-26 21:06:56,2025-04-02 20:56:13,100000,paid,,0,0,,0,
176,192,2024-12-28 14:37:30,2025-01-27 14:37:30,1,2024-12-28 14:37:30,2024-12-28 14:38:25,100000,paid,,0,0,,0,
177,195,2025-01-01 17:46:00,2025-02-01 17:46:00,1,2024-12-30 17:46:40,2025-01-02 18:25:10,100000,paid,Prendre en compte a partir du 1er janvier,0,0,,0,
178,145,2025-01-02 09:23:34,2025-02-01 09:23:34,1,2025-01-02 09:23:34,2025-01-02 09:24:40,100000,paid,,0,0,,0,
179,194,2025-01-03 08:04:29,2025-01-04 08:04:29,6,2025-01-03 08:04:29,2025-01-03 10:30:01,10000,cancelled,,0,0,,0,
180,198,2025-01-03 11:18:31,2025-02-02 11:18:31,1,2025-01-03 11:18:31,2025-01-03 13:07:15,100000,paid,,0,0,,0,
181,139,2025-01-03 12:20:54,2025-02-02 12:20:54,1,2025-01-03 12:20:54,2025-01-03 12:21:50,100000,paid,,0,0,,0,
183,78,2025-01-04 10:56:26,2025-01-05 10:56:26,6,2025-01-04 10:56:26,2025-01-04 10:56:53,10000,paid,,0,0,,0,
184,199,2025-01-04 18:43:09,2025-02-03 18:43:09,1,2025-01-04 18:43:09,2025-01-04 18:43:30,100000,paid,,0,0,,0,
185,162,2025-01-05 11:36:30,2025-01-06 11:36:30,6,2025-01-05 11:36:30,2025-01-05 11:37:29,10000,paid,,0,0,,0,
186,162,2025-01-07 11:36:30,2025-01-08 11:36:30,6,2025-01-05 11:38:49,2025-01-05 11:39:22,10000,paid,,0,0,,0,
187,160,2025-01-05 15:00:08,2025-02-04 15:00:08,1,2025-01-05 15:00:08,2025-01-06 21:29:32,100000,paid,,0,0,,0,
188,200,2025-01-05 15:06:15,2025-01-06 15:06:15,6,2025-01-05 15:06:15,2025-01-05 15:06:39,10000,paid,,0,0,,0,
189,203,2025-01-06 16:36:30,2025-02-05 16:36:30,1,2025-01-06 16:36:30,2025-01-06 16:48:41,100000,confirmed,,0,0,,0,
190,204,2025-01-06 16:48:03,2025-02-05 16:48:03,1,2025-01-06 16:48:03,2025-01-06 16:50:23,100000,paid,,0,0,,0,
191,205,2025-01-06 16:55:41,2025-02-05 16:55:41,1,2025-01-06 16:55:41,2025-01-06 16:56:27,100000,paid,,0,0,,0,
192,206,2025-01-06 17:26:05,2025-02-05 17:26:05,1,2025-01-06 17:26:05,2025-01-06 17:26:37,100000,paid,,0,0,,0,
193,207,2025-01-06 18:12:38,2025-02-05 18:12:38,1,2025-01-06 18:12:38,2025-01-06 18:13:12,100000,paid,,0,0,,0,
194,208,2025-01-06 18:32:24,2025-02-05 18:32:24,1,2025-01-06 18:32:24,2025-01-06 18:32:45,100000,paid,,0,0,,0,
195,191,2025-01-07 09:18:20,2025-01-08 09:18:20,6,2025-01-07 09:18:20,2025-01-07 09:22:44,10000,paid,,0,0,,0,
196,210,2025-01-07 10:58:51,2025-01-08 10:58:51,6,2025-01-07 10:58:51,2025-01-07 11:00:00,10000,paid,,0,0,,0,
197,211,2025-01-07 16:04:12,2025-02-06 16:04:12,1,2025-01-07 16:04:12,2025-01-07 18:59:40,100000,paid,,0,0,,0,
198,112,2025-01-07 16:17:13,2025-02-06 16:17:13,1,2025-01-07 16:17:13,2025-01-07 16:19:49,100000,paid,,0,0,,0,
199,73,2025-01-07 17:51:25,2025-02-06 17:51:25,1,2025-01-07 17:51:25,2025-01-07 17:52:29,100000,paid,,0,0,,0,
200,148,2025-01-07 18:42:28,2025-01-08 18:42:28,6,2025-01-07 18:42:28,2025-01-07 18:44:19,10000,paid,,0,0,,0,
201,213,2025-01-08 10:10:28,2025-02-07 10:10:28,1,2025-01-08 10:10:28,2025-01-08 10:12:07,100000,paid,,0,0,,0,
202,210,2025-01-09 10:58:51,2025-01-10 10:58:51,6,2025-01-08 10:56:27,2025-01-08 10:58:41,10000,paid,,0,0,,0,
203,214,2025-01-08 17:22:57,2025-02-07 17:22:57,1,2025-01-08 17:22:57,2025-01-08 17:24:15,100000,paid,,0,0,,0,
204,215,2025-01-08 18:26:43,2025-02-07 18:26:43,1,2025-01-08 18:26:43,2025-01-08 18:27:35,100000,paid,,0,0,,0,
205,216,2025-01-08 18:59:43,2025-02-07 18:59:43,1,2025-01-08 18:59:43,2025-01-11 12:04:30,100000,paid,,0,0,,0,
206,217,2025-01-08 20:31:24,2025-02-07 20:31:24,1,2025-01-08 20:31:24,2025-01-08 20:53:54,100000,paid,,0,0,,1,
207,218,2025-01-09 14:18:25,2025-04-09 14:18:25,4,2025-01-09 14:18:25,2025-01-09 14:23:52,280000,paid,,0,0,,0,
208,161,2025-01-09 19:04:28,2025-02-08 19:04:28,1,2025-01-09 19:04:28,2025-01-09 20:33:51,100000,paid,,0,0,,0,
209,219,2025-01-09 20:26:12,2025-02-08 20:26:12,1,2025-01-09 20:26:12,2025-01-09 20:34:10,100000,paid,,0,0,,0,
210,210,2025-01-11 10:58:51,2025-01-12 10:58:51,6,2025-01-10 10:26:33,2025-01-10 10:30:34,10000,paid,,0,0,,0,
211,137,2025-01-10 18:04:34,2025-02-09 18:04:34,1,2025-01-10 18:04:34,2025-01-11 12:02:07,100000,paid,,0,0,,0,
212,220,2025-01-11 14:44:26,2025-02-10 14:44:26,1,2025-01-11 14:44:26,2025-01-13 16:27:26,100000,paid,,0,0,,0,
213,221,2025-01-11 14:45:05,2025-02-10 14:45:05,1,2025-01-11 14:45:05,2025-01-13 16:27:10,100000,paid,,0,0,,0,
214,223,2025-01-13 07:49:22,2025-01-14 07:49:22,6,2025-01-13 07:49:22,2025-01-13 15:42:38,10000,paid,,0,0,,0,
215,224,2025-01-13 08:16:56,2025-02-12 08:16:56,1,2025-01-13 08:16:56,2025-01-13 15:41:28,100000,paid,,0,0,,0,
216,125,2025-01-13 09:56:59,2025-02-12 09:56:59,1,2025-01-13 09:56:59,2025-01-13 15:32:26,100000,paid,,0,0,,0,
217,225,2025-01-13 10:13:12,2025-01-13 10:13:12,1,2025-01-13 10:13:29,2025-01-13 10:13:29,100000,paid,,0,0,,0,
218,155,2025-01-13 18:22:40,2025-02-12 18:22:40,1,2025-01-13 18:22:40,2025-01-13 18:37:36,100000,paid,,0,0,,0,
219,227,2025-01-14 12:06:32,2025-01-15 12:06:32,6,2025-01-14 12:06:32,2025-01-14 15:05:04,10000,paid,,0,0,,0,
220,228,2025-01-14 12:40:00,2025-04-14 12:40:00,4,2025-01-14 12:40:00,2025-01-15 19:02:30,280000,paid,,0,0,,0,
221,166,2025-01-14 17:23:13,2025-02-13 17:23:13,1,2025-01-14 17:23:13,2025-01-14 17:37:25,100000,paid,,0,0,,0,
222,170,2025-01-14 18:07:58,2025-02-13 18:07:58,1,2025-01-14 18:07:58,2025-01-14 18:08:44,100000,paid,,0,0,,0,
223,121,2025-01-14 19:11:16,2025-02-13 19:11:16,1,2025-01-14 19:11:16,2025-01-14 19:15:49,100000,paid,,0,0,,0,
224,210,2025-01-15 09:40:22,2025-02-14 09:40:22,1,2025-01-15 09:40:22,2025-01-15 11:51:55,100000,paid,coach check 15%  de reduction,0,0,,1,
225,229,2025-01-15 11:29:05,2025-02-14 11:29:05,1,2025-01-15 11:29:05,2025-01-15 11:29:24,100000,paid,,0,0,,0,
226,232,2025-01-15 18:20:32,2025-02-14 18:20:32,1,2025-01-15 18:20:32,2025-01-17 11:40:19,90000,paid,paiement orange money 80000f par coach Marvin\r\ndisicount 10% demande par Tima on Whatsapp - bob,0,0,,1,
227,83,2025-01-16 17:44:55,2025-02-15 17:44:55,1,2025-01-16 17:44:55,2025-01-16 18:46:17,100000,paid,,0,0,,0,
228,234,2025-01-16 19:31:49,2025-04-16 19:31:49,4,2025-01-16 19:31:49,2025-01-17 14:11:56,280000,paid,a payer 250 000 11% reducution,0,0,,1,
229,235,2025-01-16 19:33:44,2025-04-16 19:33:44,4,2025-01-16 19:33:44,2025-01-17 13:38:35,280000,paid,a payer 250 000 11% reducution,0,0,,1,
230,200,2025-01-16 20:40:48,2025-01-17 20:40:48,6,2025-01-16 20:40:48,2025-01-16 20:41:11,10000,paid,,0,0,,0,
231,191,2025-01-17 07:53:43,2025-02-16 07:53:43,1,2025-01-17 07:53:43,2025-01-17 07:57:15,100000,paid,,0,0,,0,
232,227,2025-01-17 09:44:09,2025-01-18 09:44:09,6,2025-01-17 09:44:09,2025-01-17 10:11:48,10000,paid,,0,0,,0,
233,87,2025-01-17 12:04:32,2025-02-16 12:04:32,1,2025-01-17 12:04:32,2025-01-17 12:14:41,100000,paid,,0,0,,1,
234,237,2025-01-17 16:48:13,2025-01-18 16:48:13,6,2025-01-17 16:48:13,2025-01-17 17:08:55,10000,paid,,0,0,,0,
235,236,2025-01-17 18:00:52,2025-01-18 18:00:52,6,2025-01-17 18:00:52,2025-01-17 18:02:30,10000,paid,,0,0,,0,
236,193,2025-01-19 10:15:40,2025-01-20 10:15:40,6,2025-01-19 10:15:40,2025-01-20 18:50:21,10000,paid,,0,0,,0,
237,115,2025-01-19 10:56:00,2025-02-18 10:56:00,1,2025-01-19 10:56:00,2025-01-19 10:57:00,100000,paid,,0,0,,0,
238,240,2025-01-19 15:43:33,2025-01-20 15:43:33,6,2025-01-19 15:43:33,2025-01-19 15:49:48,10000,paid,,0,0,,0,
239,242,2025-01-20 09:08:53,2025-02-19 09:08:53,1,2025-01-20 09:08:53,2025-01-20 09:10:27,100000,paid,,0,0,,0,
240,132,2025-01-20 16:21:39,2025-02-19 16:21:39,1,2025-01-20 16:21:39,2025-01-20 16:23:01,100000,paid,,0,0,,0,
241,183,2025-01-20 17:28:18,2025-02-19 17:28:18,1,2025-01-20 17:28:18,2025-01-20 17:31:42,100000,paid,,0,0,,0,
242,154,2025-01-20 18:32:07,2025-02-19 18:32:07,1,2025-01-20 18:32:07,2025-01-20 18:38:27,100000,paid,,0,0,,0,
243,193,2025-01-20 18:52:55,2025-03-21 18:52:55,7,2025-01-20 18:52:55,2025-01-20 18:56:07,85000,paid,,0,0,,0,
244,243,2025-01-20 19:35:52,2025-02-19 19:35:52,1,2025-01-20 19:35:52,2025-01-20 19:36:43,100000,paid,,0,0,,0,
245,244,2025-01-20 19:51:15,2025-02-19 19:51:15,1,2025-01-20 19:51:15,2025-01-20 19:51:45,100000,paid,,0,0,,0,
246,245,2025-01-21 13:56:44,2025-02-20 13:56:44,1,2025-01-21 13:56:44,2025-01-21 13:57:35,100000,paid,,0,0,,0,
247,246,2025-01-21 17:52:22,2025-01-22 17:52:22,6,2025-01-21 17:52:22,2025-04-02 17:38:32,10000,paid,,0,0,,0,
248,246,2025-01-27 17:52:22,2025-02-27 17:52:22,1,2025-01-21 20:01:25,2025-01-28 15:04:48,100000,paid,,0,0,,0,
249,248,2025-01-22 09:46:13,2025-02-21 09:46:13,1,2025-01-22 09:46:13,2025-01-22 09:50:31,100000,paid,,0,0,,0,
250,239,2025-01-22 18:15:42,2025-02-21 18:15:42,1,2025-01-22 18:15:42,2025-01-22 18:17:52,100000,paid,,0,0,,0,
251,250,2025-01-22 18:16:52,2025-02-21 18:16:52,1,2025-01-22 18:16:52,2025-01-22 18:17:37,100000,paid,,0,0,,0,
252,247,2025-01-22 21:04:20,2025-01-23 21:04:20,6,2025-01-22 21:04:20,2025-01-22 21:08:54,10000,cancelled,,0,0,,0,
253,247,2025-01-24 21:04:20,2025-02-23 21:04:20,1,2025-01-22 21:11:19,2025-01-22 21:12:27,100000,paid,,0,0,,0,
255,253,2025-01-23 11:09:39,2025-02-22 11:09:39,1,2025-01-23 11:09:39,2025-01-23 11:11:26,100000,paid,,0,0,,0,
256,255,2025-01-24 16:19:10,2025-01-25 16:19:10,6,2025-01-24 16:19:10,2025-01-24 17:28:27,10000,paid,,0,0,,0,
257,256,2025-01-24 18:58:11,2025-02-23 18:58:11,1,2025-01-24 18:58:11,2025-01-24 19:21:38,100000,paid,,0,0,,0,
258,257,2025-01-24 19:06:08,2025-02-23 19:06:08,1,2025-01-24 19:06:08,2025-01-24 19:09:34,100000,paid,,0,0,,0,
259,258,2025-01-26 10:39:41,2025-02-25 10:39:41,1,2025-01-26 10:39:41,2025-01-26 10:42:24,100000,paid,,0,0,,0,
260,200,2025-01-26 11:01:09,2025-01-27 11:01:09,6,2025-01-26 11:01:09,2025-01-26 11:04:33,10000,paid,,0,0,,0,
261,189,2025-01-26 14:15:04,2025-02-25 14:15:04,1,2025-01-26 14:15:04,2025-01-26 14:16:45,100000,paid,,0,0,,0,
262,223,2025-01-27 06:27:47,2025-02-26 06:27:47,1,2025-01-27 06:27:47,2025-01-27 07:11:48,100000,paid,,0,0,,0,
263,259,2025-01-27 09:40:28,2025-02-26 09:40:28,1,2025-01-27 09:40:28,2025-01-27 09:41:41,100000,paid,,0,0,,0,
264,236,2025-01-27 16:41:09,2025-01-28 16:41:09,6,2025-01-27 16:41:09,2025-01-27 16:42:05,10000,paid,,0,0,,0,
265,237,2025-01-27 16:41:25,2025-01-28 16:41:25,6,2025-01-27 16:41:25,2025-01-27 16:42:25,10000,paid,,0,0,,0,
266,74,2025-01-27 19:49:25,2025-01-28 19:49:25,6,2025-01-27 19:49:25,2025-01-27 19:50:12,10000,paid,,0,0,,0,
267,260,2025-01-28 12:40:51,2025-02-27 12:40:51,1,2025-01-28 12:40:51,2025-01-28 15:19:12,100000,confirmed,,0,0,,0,
268,262,2025-01-28 20:04:54,2025-02-27 20:04:54,1,2025-01-28 20:04:54,2025-01-28 20:06:00,100000,paid,,0,0,,0,
269,263,2025-01-29 13:35:37,2025-02-28 13:35:37,1,2025-01-29 13:35:37,2025-01-29 13:37:53,100000,paid,,0,0,,0,
270,264,2025-01-30 14:05:28,2025-03-01 14:05:28,1,2025-01-30 14:05:28,2025-02-01 16:41:43,100000,paid,,0,0,,0,
271,265,2025-01-30 16:35:12,2025-01-31 16:35:12,6,2025-01-30 16:35:12,2025-01-30 16:49:11,10000,paid,,0,0,,0,
272,145,2025-02-02 09:23:34,2025-03-04 09:23:34,1,2025-01-31 18:26:24,2025-01-31 19:52:16,100000,paid,,0,0,,0,
273,254,2025-01-20 14:13:00,2025-02-20 14:13:00,1,2025-02-01 14:13:14,2025-02-01 14:23:51,100000,paid,15% de reduction coach check,0,0,,1,
274,268,2025-02-02 09:05:40,2025-02-03 09:05:40,6,2025-02-02 09:05:40,2025-02-03 06:23:17,10000,paid,,0,0,,0,
275,113,2025-02-03 15:07:04,2025-03-05 15:07:04,1,2025-02-03 15:07:04,2025-02-03 15:31:15,100000,paid,,0,0,,0,
276,139,2025-02-03 17:16:22,2025-03-05 17:16:22,1,2025-02-03 17:16:22,2025-02-03 17:17:11,100000,paid,,0,0,,0,
277,271,2025-02-03 20:08:17,2025-03-05 20:08:17,1,2025-02-03 20:08:17,2025-02-03 20:09:13,100000,paid,,0,0,,0,
278,272,2025-02-03 20:08:18,2025-03-05 20:08:18,1,2025-02-03 20:08:18,2025-02-03 20:09:38,100000,paid,,0,0,,0,
279,269,2025-02-03 20:13:36,2025-03-05 20:13:36,1,2025-02-03 20:13:36,2025-02-03 20:14:34,100000,paid,,0,0,,0,
280,270,2025-02-03 20:14:32,2025-03-05 20:14:32,1,2025-02-03 20:14:32,2025-02-03 20:15:23,100000,paid,,0,0,,0,
281,195,2025-02-04 14:19:45,2025-04-05 14:19:45,7,2025-02-04 14:19:45,2025-02-04 15:18:22,85000,paid,,0,0,,0,
282,188,2025-02-05 16:05:55,2025-03-07 16:05:55,1,2025-02-05 16:05:55,2025-02-05 16:06:47,100000,paid,,0,0,,0,
283,207,2025-02-06 18:12:38,2025-03-08 18:12:38,1,2025-02-05 17:24:33,2025-02-05 17:25:28,100000,paid,,0,0,,0,
284,275,2025-02-05 17:42:31,2025-03-07 17:42:31,1,2025-02-05 17:42:31,2025-02-05 17:45:04,100000,paid,,0,0,,0,
285,276,2025-02-05 18:16:54,2025-03-07 18:16:54,1,2025-02-05 18:16:54,2025-02-05 18:22:50,100000,paid,,0,0,,0,
286,277,2025-02-05 19:33:11,2025-03-07 19:33:11,1,2025-02-05 19:33:11,2025-02-06 15:39:01,100000,paid,,0,0,,0,
287,160,2025-02-05 20:49:55,2025-03-07 20:49:55,1,2025-02-05 20:49:55,2025-02-05 20:54:39,100000,paid,,0,0,,0,
288,278,2025-02-06 09:03:36,2025-03-08 09:03:36,1,2025-02-06 09:03:36,2025-02-06 14:24:22,100000,paid,,0,0,,0,
289,112,2025-02-07 16:17:13,2025-03-09 16:17:13,1,2025-02-06 14:36:40,2025-02-11 14:10:16,100000,paid,,0,0,,0,
290,280,2025-02-08 10:56:25,2025-03-10 10:56:25,1,2025-02-08 10:56:25,2025-02-08 10:57:55,100000,paid,,0,0,,0,
291,280,2025-03-11 10:56:25,2025-04-10 10:56:25,1,2025-02-08 10:56:34,2025-04-26 10:18:56,100000,paid,,0,0,,0,
292,190,2025-02-10 07:43:11,2025-03-12 07:43:11,1,2025-02-10 07:43:11,2025-02-10 07:43:51,100000,paid,,0,0,,0,
294,217,2025-02-11 17:53:14,2025-03-13 17:53:14,1,2025-02-11 17:53:14,2025-02-12 07:24:45,100000,paid,,0,0,,0,
295,282,2025-02-11 18:32:19,2025-03-13 18:32:19,1,2025-02-11 18:32:19,2025-02-12 21:16:43,100000,cancelled,,0,0,,0,
296,285,2025-02-12 12:11:35,2025-04-13 12:11:35,7,2025-02-12 12:11:35,2025-02-12 12:18:09,85000,paid,,0,0,,0,
297,117,2025-02-12 17:48:43,2025-03-14 17:48:43,1,2025-02-12 17:48:43,2025-02-12 19:11:28,100000,paid,,0,0,,0,
298,288,2025-02-12 17:54:33,2025-03-14 17:54:33,1,2025-02-12 17:54:33,2025-04-02 17:02:01,100000,paid,,0,0,,0,
299,289,2025-02-13 07:08:24,2025-03-15 07:08:24,1,2025-02-13 07:08:24,2025-02-13 07:12:18,100000,paid,,0,0,,0,
300,290,2025-02-13 08:50:54,2025-03-15 08:50:54,1,2025-02-13 08:50:54,2025-02-13 08:52:50,100000,paid,,0,0,,0,
301,284,2025-02-13 10:40:42,2025-04-14 10:40:42,7,2025-02-13 10:40:42,2025-02-13 12:20:06,85000,paid,,0,0,,0,
302,281,2025-02-13 19:34:12,2025-02-14 19:34:12,6,2025-02-13 19:34:12,2025-02-17 10:21:01,10000,paid,,0,0,,0,
303,155,2025-02-15 12:28:25,2025-03-17 12:28:25,1,2025-02-15 12:28:25,2025-02-15 12:31:57,100000,paid,,0,0,,0,
304,191,2025-02-17 07:39:42,2025-03-19 07:39:42,1,2025-02-17 07:39:42,2025-02-17 10:22:08,100000,paid,,0,0,,0,
305,191,2025-03-20 07:39:42,2025-04-19 07:39:42,1,2025-02-17 07:39:51,2025-03-19 07:47:56,100000,paid,,0,0,,0,
306,125,2025-02-17 10:17:42,2025-03-19 10:17:42,1,2025-02-17 10:17:42,2025-02-17 10:18:47,100000,paid,,0,0,,0,
307,291,2025-02-17 17:26:48,2025-03-19 17:26:48,1,2025-02-17 17:26:48,2025-03-19 21:31:08,100000,paid,,0,0,,0,
308,132,2025-02-20 16:21:39,2025-03-22 16:21:39,1,2025-02-18 18:42:50,2025-02-19 20:58:14,100000,paid,,0,0,,0,
309,244,2025-02-20 19:51:15,2025-03-22 19:51:15,1,2025-02-18 19:53:28,2025-02-18 19:57:40,100000,paid,,0,0,,0,
310,121,2025-02-18 21:16:23,2025-03-20 21:16:23,1,2025-02-18 21:16:23,2025-02-18 21:18:20,100000,paid,,0,0,,0,
311,183,2025-02-20 17:28:18,2025-03-22 17:28:18,1,2025-02-19 10:22:10,2025-02-19 10:22:54,100000,paid,,0,0,,0,
312,146,2025-02-21 12:28:13,2025-03-23 12:28:13,1,2025-02-21 12:28:13,2025-02-22 17:13:30,100000,paid,,0,0,,0,
313,243,2025-02-21 18:22:45,2025-03-23 18:22:45,1,2025-02-21 18:22:45,2025-02-27 18:10:36,100000,paid,,0,0,,0,
314,253,2025-02-23 09:33:25,2025-03-25 09:33:25,1,2025-02-23 09:33:25,2025-02-24 16:14:08,100000,paid,,0,0,,0,
315,258,2025-02-26 18:49:48,2025-03-28 18:49:48,1,2025-02-26 18:49:48,2025-03-11 10:20:03,100000,confirmed,,0,0,,0,
316,250,2025-03-01 16:11:43,2025-03-31 16:11:43,1,2025-03-01 16:11:43,2025-03-03 15:11:09,100000,cancelled,,0,0,,0,
317,119,2025-03-01 18:07:24,2025-03-02 18:07:24,6,2025-03-01 18:07:24,2025-03-03 15:08:22,10000,paid,,0,0,,0,
318,297,2025-03-02 09:33:37,2025-04-01 09:33:37,1,2025-03-02 09:33:37,2025-03-03 15:04:43,100000,paid,,0,0,,0,
319,298,2025-03-02 12:14:46,2025-05-31 12:14:46,4,2025-03-02 12:14:46,2025-03-11 10:16:51,280000,confirmed,,0,0,,0,
320,189,2025-03-02 15:07:50,2025-04-01 15:07:50,1,2025-03-02 15:07:50,2025-03-03 15:05:27,100000,paid,,0,0,,0,
321,299,2025-03-02 17:54:56,2025-04-01 17:54:56,1,2025-03-02 17:54:56,2025-03-03 15:06:24,100000,paid,,0,0,,0,
322,215,2025-03-02 18:13:37,2025-04-01 18:13:37,1,2025-03-02 18:13:37,2025-03-03 15:06:07,100000,paid,,0,0,,0,
323,300,2025-03-03 15:05:15,2025-04-02 15:05:15,1,2025-03-03 15:05:15,2025-03-03 15:05:42,100000,paid,,0,0,,0,
324,301,2025-03-03 17:27:06,2025-04-02 17:27:06,1,2025-03-03 17:27:06,2025-03-03 17:27:30,100000,paid,,0,0,,0,
325,246,2025-03-04 17:09:06,2025-04-03 17:09:06,1,2025-03-04 17:09:06,2025-03-04 21:41:32,100000,paid,,0,0,,0,
326,302,2025-03-04 21:43:38,2025-04-03 21:43:38,1,2025-03-04 21:43:38,2025-03-04 21:44:15,100000,paid,,0,0,,0,
327,208,2025-03-05 16:16:58,2025-04-04 16:16:58,1,2025-03-05 16:16:58,2025-03-06 14:08:02,100000,paid,,0,0,,0,
328,269,2025-03-06 20:13:36,2025-04-05 20:13:36,1,2025-03-05 20:03:36,2025-03-06 14:06:55,100000,paid,,0,0,,0,
329,305,2025-03-05 20:24:03,2025-04-04 20:24:03,1,2025-03-05 20:24:03,2025-03-06 21:58:14,100000,paid,,0,0,,0,
330,304,2025-03-06 21:56:05,2025-04-05 21:56:05,1,2025-03-06 21:56:05,2025-03-06 21:57:19,100000,paid,,0,0,,0,
331,303,2025-03-06 21:56:20,2025-04-05 21:56:20,1,2025-03-06 21:56:20,2025-03-28 20:57:18,100000,paid,,0,0,,0,
332,113,2025-03-07 13:37:25,2025-04-06 13:37:25,1,2025-03-07 13:37:25,2025-03-07 13:39:14,100000,paid,,0,0,,0,
333,306,2025-03-07 18:14:21,2025-04-06 18:14:21,1,2025-03-07 18:14:21,2025-03-07 20:07:24,100000,paid,,0,0,,0,
334,307,2025-03-08 17:53:44,2025-04-07 17:53:44,1,2025-03-08 17:53:44,2025-03-11 15:05:19,100000,paid,,0,0,,0,
335,200,2025-03-09 11:26:55,2025-03-10 11:26:55,6,2025-03-09 11:26:55,2025-03-11 10:16:02,10000,paid,,0,0,,0,
336,308,2025-03-09 17:12:41,2025-04-08 17:12:41,1,2025-03-09 17:12:41,2025-03-11 15:04:08,100000,paid,,0,0,,0,
337,112,2025-03-10 15:23:45,2025-04-09 15:23:45,1,2025-03-10 15:23:45,2025-03-10 15:24:37,100000,paid,,0,0,,0,
338,207,2025-03-10 17:44:43,2025-05-09 17:44:43,7,2025-03-10 17:44:43,2025-03-10 17:45:42,85000,paid,,0,0,,0,
339,281,2025-03-10 18:53:29,2025-03-11 18:53:29,6,2025-03-10 18:53:29,2025-03-11 10:14:22,10000,paid,,0,0,,0,
340,263,2025-03-11 12:36:34,2025-04-10 12:36:34,1,2025-03-11 12:36:34,2025-03-11 12:37:46,100000,paid,,0,0,,0,
341,276,2025-03-11 16:30:55,2025-04-10 16:30:55,1,2025-03-11 16:30:55,2025-03-11 17:04:54,100000,paid,,0,0,,0,
342,271,2025-03-11 20:40:08,2025-04-10 20:40:08,1,2025-03-11 20:40:08,2025-03-12 07:36:02,100000,paid,,0,0,,0,
343,272,2025-03-11 20:40:20,2025-04-10 20:40:20,1,2025-03-11 20:40:20,2025-03-12 14:28:17,100000,paid,,0,0,,0,
344,154,2025-03-12 18:46:23,2025-04-11 18:46:23,1,2025-03-12 18:46:23,2025-03-14 07:11:51,100000,paid,,0,0,,0,
345,277,2025-03-13 15:44:33,2025-04-12 15:44:33,1,2025-03-13 15:44:33,2025-03-13 15:47:42,100000,paid,,0,0,,0,
346,309,2025-03-14 10:41:00,2025-03-15 10:41:00,6,2025-03-14 10:41:00,2025-03-14 10:45:05,10000,paid,,0,0,,0,
347,279,2025-03-14 14:50:21,2025-04-13 14:50:21,1,2025-03-14 14:50:21,2025-03-14 14:51:02,100000,paid,,0,0,,0,
348,310,2025-03-15 16:40:57,2025-03-16 16:40:57,6,2025-03-15 16:40:57,2025-03-15 17:20:15,10000,paid,,0,0,,0,
349,125,2025-03-19 17:24:03,2025-04-18 17:24:03,1,2025-03-19 17:24:03,2025-03-20 07:25:34,100000,paid,,0,0,,0,
350,314,2025-03-20 18:18:01,2025-04-19 18:18:01,1,2025-03-20 18:18:01,2025-03-21 07:10:27,100000,paid,,0,0,,0,
351,291,2025-03-21 17:44:23,2025-04-20 17:44:23,1,2025-03-21 17:44:23,2025-03-21 19:47:50,100000,paid,,0,0,,0,
352,315,2025-03-21 19:46:48,2025-04-20 19:46:48,1,2025-03-21 19:46:48,2025-03-21 19:47:34,100000,paid,,0,0,,0,
353,183,2025-03-23 17:28:18,2025-04-22 17:28:18,1,2025-03-22 12:55:50,2025-03-22 14:12:37,100000,paid,,0,0,,0,
354,317,2025-03-24 14:30:52,2025-03-25 14:30:52,6,2025-03-24 14:30:52,2025-03-24 16:35:22,10000,paid,,0,0,,0,
355,318,2025-03-24 16:33:43,2025-04-23 16:33:43,1,2025-03-24 16:33:43,2025-03-24 16:34:32,100000,paid,,0,0,,0,
356,319,2025-03-24 20:22:20,2025-04-23 20:22:20,1,2025-03-24 20:22:20,2025-03-24 20:24:19,100000,paid,,0,0,,0,
357,132,2025-03-25 17:04:56,2025-04-24 17:04:56,1,2025-03-25 17:04:56,2025-03-29 15:47:45,100000,paid,,0,0,,0,
358,146,2025-03-25 18:29:18,2025-04-24 18:29:18,1,2025-03-25 18:29:18,2025-03-25 18:30:19,100000,paid,,0,0,,0,
359,139,2025-03-26 17:21:43,2025-04-25 17:21:43,1,2025-03-26 17:21:43,2025-03-26 17:24:52,100000,paid,,0,0,,0,
360,155,2025-03-26 18:19:24,2025-04-25 18:19:24,1,2025-03-26 18:19:24,2025-03-26 20:54:09,100000,paid,,0,0,,0,
361,292,2025-03-28 14:03:35,2025-04-27 14:03:35,1,2025-03-28 14:03:35,2025-03-28 15:40:46,100000,paid,,0,0,,0,
362,322,2025-03-29 10:04:00,2025-03-30 10:04:00,6,2025-03-29 10:04:00,2025-03-31 09:03:32,10000,cancelled,,0,0,,0,
363,323,2025-03-29 16:43:28,2025-04-28 16:43:28,1,2025-03-29 16:43:28,2025-03-29 16:45:49,100000,paid,,0,0,,0,
364,320,2025-03-30 11:17:55,2025-04-29 11:17:55,1,2025-03-30 11:17:55,2025-03-31 09:02:56,100000,paid,,0,0,,0,
365,250,2025-04-01 16:11:43,2025-05-01 16:11:43,1,2025-03-31 08:00:14,2025-04-02 13:05:38,100000,cancelled,,0,0,,0,
366,324,2025-03-31 16:20:26,2025-04-30 16:20:26,1,2025-03-31 16:20:26,2025-03-31 16:24:57,100000,paid,,0,0,,0,
367,258,2025-04-01 11:20:22,2025-05-01 11:20:22,1,2025-04-01 11:20:22,2025-04-01 11:24:02,100000,paid,,0,0,,0,
368,137,2025-04-01 12:38:14,2025-05-01 12:38:14,1,2025-04-01 12:38:14,2025-04-01 15:59:58,100000,paid,,0,0,,0,
369,128,2025-04-01 16:42:04,2025-05-01 16:42:04,1,2025-04-01 16:42:04,2025-04-01 16:42:32,100000,paid,,0,0,,0,
370,325,2025-04-01 17:48:21,2025-05-01 17:48:21,1,2025-04-01 17:48:21,2025-04-01 17:54:13,100000,paid,,0,0,,0,
371,326,2025-04-01 17:54:01,2025-05-01 17:54:01,1,2025-04-01 17:54:01,2025-04-01 17:54:54,100000,paid,,0,0,,0,
372,327,2025-04-01 19:03:49,2025-05-01 19:03:49,1,2025-04-01 19:03:49,2025-04-01 20:52:44,100000,paid,,0,0,,0,
373,328,2025-04-01 20:26:21,2025-05-01 20:26:21,1,2025-04-01 20:26:21,2025-04-01 20:52:24,100000,paid,,0,0,,0,
374,329,2025-04-01 20:29:18,2025-05-01 20:29:18,1,2025-04-01 20:29:18,2025-04-01 20:52:03,100000,paid,,0,0,,0,
375,330,2025-04-02 14:27:05,2025-05-02 14:27:05,1,2025-04-02 14:27:05,2025-04-02 14:27:27,100000,paid,,0,0,,0,
376,331,2025-04-02 16:30:41,2025-05-02 16:30:41,1,2025-04-02 16:30:41,2025-04-02 16:51:03,100000,paid,,0,0,,0,
377,288,2025-04-02 17:00:28,2025-05-02 17:00:28,1,2025-04-02 17:00:28,2025-04-03 15:24:47,100000,paid,,0,0,,0,
378,246,2025-04-04 17:09:06,2025-05-04 17:09:06,1,2025-04-02 17:36:57,2025-04-03 15:24:15,100000,paid,,0,0,,0,
379,200,2025-04-02 18:22:14,2025-05-02 18:22:14,1,2025-04-02 18:22:14,2025-04-03 15:23:39,100000,paid,,0,0,,0,
380,160,2025-04-02 18:23:06,2025-05-02 18:23:06,1,2025-04-02 18:23:06,2025-04-03 15:22:39,100000,paid,,0,0,,0,
381,190,2025-04-02 20:53:24,2025-05-02 20:53:24,1,2025-04-02 20:53:24,2025-04-03 15:21:47,100000,paid,,0,0,,0,
382,300,2025-04-03 16:12:46,2025-05-03 16:12:46,1,2025-04-03 16:12:46,2025-04-03 16:13:33,100000,paid,,0,0,,0,
383,195,2025-04-06 14:19:45,2025-06-05 14:19:45,7,2025-04-04 16:17:13,2025-04-04 19:38:14,85000,cancelled,,0,0,,0,
384,117,2025-04-04 17:36:11,2025-05-04 17:36:11,1,2025-04-04 17:36:11,2025-04-04 17:40:00,100000,paid,,0,0,,0,
385,244,2025-04-04 19:14:29,2025-05-04 19:14:29,1,2025-04-04 19:14:30,2025-04-04 19:37:49,100000,paid,,0,0,,0,
386,208,2025-04-05 14:01:13,2025-05-05 14:01:13,1,2025-04-05 14:01:13,2025-04-05 14:03:00,100000,paid,,0,0,,0,
387,188,2025-04-06 15:32:57,2025-05-06 15:32:57,1,2025-04-06 15:32:57,2025-04-07 10:09:05,100000,paid,,0,0,,0,
388,333,2025-04-07 10:13:51,2025-05-07 10:13:51,1,2025-04-07 10:13:51,2025-04-07 10:25:08,100000,paid,,0,0,,0,
389,334,2025-04-07 10:14:28,2025-05-07 10:14:28,1,2025-04-07 10:14:28,2025-04-07 10:25:31,100000,paid,,0,0,,0,
390,335,2025-04-07 14:18:05,2025-05-07 14:18:05,1,2025-04-07 14:18:05,2025-04-07 19:46:51,100000,paid,,0,0,,0,
391,336,2025-04-07 15:54:07,2025-05-07 15:54:07,1,2025-04-07 15:54:07,2025-04-07 19:46:14,100000,paid,,0,0,,0,
392,338,2025-04-07 18:20:53,2025-05-07 18:20:53,1,2025-04-07 18:20:53,2025-04-08 09:16:11,100000,paid,,0,0,,0,
393,149,2025-04-07 19:08:57,2025-05-07 19:08:57,1,2025-04-07 19:08:57,2025-04-08 09:15:02,100000,paid,,0,0,,0,
394,112,2025-04-10 15:23:45,2025-05-10 15:23:45,1,2025-04-08 16:20:51,2025-04-09 07:11:31,100000,paid,,0,0,,0,
395,113,2025-04-08 16:24:31,2025-05-08 16:24:31,1,2025-04-08 16:24:31,2025-04-09 07:12:37,100000,paid,,0,0,,0,
396,339,2025-04-08 17:01:29,2025-07-17 17:01:00,4,2025-04-08 17:01:29,2025-06-17 15:05:56,280000,paid,Freeze de 10 jure le 14 Mai - bob,10,1,2025-05-14,0,
397,211,2025-04-08 17:09:53,2025-05-08 17:09:53,1,2025-04-08 17:09:53,2025-04-09 19:24:38,100000,paid,,0,0,,0,
398,269,2025-04-08 19:35:38,2025-05-08 19:35:38,1,2025-04-08 19:35:38,2025-04-09 07:15:07,100000,paid,,0,0,,0,
399,340,2025-04-08 21:27:24,2025-05-08 21:27:24,1,2025-04-08 21:27:24,2025-05-01 11:26:55,100000,paid,,0,0,,0,
400,225,2025-04-09 16:02:52,2025-05-09 16:02:52,1,2025-04-09 16:02:52,2025-04-10 07:14:13,100000,paid,,0,0,,0,
401,270,2025-04-09 19:22:38,2025-05-09 19:22:38,1,2025-04-09 19:22:38,2025-04-10 07:14:42,100000,paid,,0,0,,0,
402,344,2025-04-10 12:09:47,2025-05-10 12:09:47,1,2025-04-10 12:09:47,2025-04-10 17:14:17,100000,paid,,0,0,,0,
403,343,2025-04-10 12:18:00,2025-05-10 12:18:00,1,2025-04-10 12:18:00,2025-04-10 17:15:00,100000,paid,,0,0,,0,
404,121,2025-04-10 20:04:26,2025-05-10 20:04:26,1,2025-04-10 20:04:26,2025-04-11 07:25:58,100000,paid,,0,0,,0,
405,345,2025-04-12 14:30:59,2025-05-12 14:30:59,1,2025-04-12 14:30:59,2025-04-14 08:57:15,100000,paid,,0,0,,0,
406,346,2025-04-12 18:13:44,2025-05-12 18:13:44,1,2025-04-12 18:13:44,2025-04-14 08:57:30,100000,paid,,0,0,,0,
407,145,2025-04-13 08:57:56,2025-06-12 08:57:56,7,2025-04-13 08:57:56,2025-04-14 08:57:46,85000,paid,,0,0,,0,
408,347,2025-04-14 19:01:13,2025-05-14 19:01:13,1,2025-04-14 19:01:13,2025-04-15 16:17:15,100000,paid,,0,0,,0,
409,304,2025-04-15 20:37:15,2025-05-15 20:37:15,1,2025-04-15 20:37:15,2025-04-16 09:27:50,100000,paid,,0,0,,0,
410,348,2025-04-17 20:01:23,2025-05-17 20:01:23,1,2025-04-17 20:01:23,2025-04-18 07:06:42,100000,paid,,0,0,,0,
411,189,2025-04-19 18:51:07,2025-05-19 18:51:07,1,2025-04-19 18:51:07,2025-04-21 15:04:45,100000,paid,,0,0,,0,
412,349,2025-04-20 11:13:52,2025-05-20 11:13:52,1,2025-04-20 11:13:52,2025-04-21 15:03:53,100000,paid,,0,0,,0,
413,183,2025-04-23 17:28:18,2025-05-23 17:28:18,1,2025-04-22 10:56:54,2025-05-02 11:09:37,100000,paid,,0,0,,0,
414,351,2025-04-22 16:36:49,2025-05-22 16:36:49,1,2025-04-22 16:36:49,2025-04-24 08:36:01,100000,paid,,0,0,,0,
415,235,2025-04-22 18:27:55,2025-07-21 18:27:55,4,2025-04-22 18:27:55,2025-04-24 08:36:31,280000,paid,,0,0,,0,
416,234,2025-04-22 18:29:54,2025-07-21 18:29:54,4,2025-04-22 18:29:54,2025-04-24 08:36:53,280000,paid,,0,0,,0,
417,276,2025-04-23 16:44:31,2025-05-23 16:44:31,1,2025-04-23 16:44:31,2025-04-24 08:37:14,100000,paid,,0,0,,0,
418,353,2025-04-23 18:17:01,2025-05-23 18:17:01,1,2025-04-23 18:17:01,2025-04-24 08:37:27,100000,paid,,0,0,,0,
419,291,2025-04-24 08:19:33,2025-05-24 08:19:33,1,2025-04-24 08:19:33,2025-04-24 17:57:09,100000,paid,,0,0,,0,
420,352,2025-04-24 15:56:00,2025-05-24 15:56:00,1,2025-04-24 15:56:00,2025-04-26 09:52:11,100000,paid,,0,0,,0,
421,354,2025-04-26 08:23:21,2025-05-26 08:23:21,1,2025-04-26 08:23:21,2025-04-26 12:38:50,100000,paid,,0,0,,0,
422,350,2025-04-26 10:59:01,2025-05-26 10:59:01,1,2025-04-26 10:59:01,2025-04-28 07:02:50,100000,paid,,0,0,,0,
423,162,2025-04-27 11:23:48,2025-04-28 11:23:48,6,2025-04-27 11:23:48,2025-04-30 15:32:55,10000,paid,,0,0,,0,
424,162,2025-04-29 11:23:48,2025-04-30 11:23:48,6,2025-04-27 11:24:16,2025-04-29 18:45:36,10000,cancelled,,0,0,,0,
425,125,2025-04-28 10:03:47,2025-05-28 10:03:47,1,2025-04-28 10:03:47,2025-04-30 13:17:57,100000,paid,,0,0,,0,
426,355,2025-04-28 12:57:44,2025-05-28 12:57:44,1,2025-04-28 12:57:44,2025-04-29 16:37:12,100000,paid,,0,0,,0,
427,324,2025-05-01 16:20:26,2025-05-31 16:20:26,1,2025-04-29 18:42:05,2025-04-30 13:18:10,100000,paid,,0,0,,0,
428,258,2025-05-02 11:20:22,2025-06-01 11:20:22,1,2025-04-30 12:29:37,2025-04-30 15:33:15,100000,paid,,0,0,,0,
429,139,2025-04-30 17:31:02,2025-05-30 17:31:02,1,2025-04-30 17:31:02,2025-04-30 20:48:55,100000,paid,,0,0,,0,
430,155,2025-04-30 18:36:56,2025-05-30 18:36:56,1,2025-04-30 18:36:56,2025-05-01 11:27:38,100000,paid,,0,0,,0,
431,356,2025-05-01 11:38:51,2025-05-31 11:38:51,1,2025-05-01 11:38:51,2025-05-01 17:26:13,100000,paid,,0,0,,0,
432,359,2025-05-02 17:27:32,2025-06-01 17:27:32,1,2025-05-02 17:27:32,2025-05-03 07:16:53,100000,paid,,0,0,,0,
433,154,2025-05-02 18:21:35,2025-06-01 18:21:35,1,2025-05-02 18:21:35,2025-05-03 07:17:20,100000,paid,,0,0,,0,
434,325,2025-05-03 16:58:19,2025-06-02 16:58:19,1,2025-05-03 16:58:19,2025-05-05 06:38:21,100000,paid,,0,0,,0,
435,360,2025-05-03 18:57:53,2025-06-02 18:57:53,1,2025-05-03 18:57:53,2025-05-05 06:39:49,100000,paid,,0,0,,0,
436,277,2025-05-05 16:04:36,2025-06-04 16:04:36,1,2025-05-05 16:04:36,2025-05-05 20:10:18,100000,paid,,0,0,,0,
437,288,2025-05-05 17:19:42,2025-06-04 17:19:42,1,2025-05-05 17:19:42,2025-05-05 20:23:34,100000,paid,,0,0,,0,
438,117,2025-05-05 17:20:10,2025-06-04 17:20:10,1,2025-05-05 17:20:10,2025-05-05 20:24:02,100000,paid,,0,0,,0,
439,246,2025-05-05 17:39:13,2025-06-04 17:39:13,1,2025-05-05 17:39:13,2025-05-05 21:11:37,100000,paid,,0,0,,0,
440,361,2025-05-05 18:47:56,2025-06-04 18:47:56,1,2025-05-05 18:47:56,2025-05-05 21:57:15,100000,paid,,0,0,,0,
441,362,2025-05-05 18:49:35,2025-06-04 18:49:35,1,2025-05-05 18:49:35,2025-05-06 09:07:09,100000,paid,,0,0,,0,
442,337,2025-05-05 18:55:59,2025-06-04 18:55:59,1,2025-05-05 18:55:59,2025-05-06 09:07:23,100000,paid,,0,0,,0,
443,244,2025-05-05 19:02:50,2025-06-04 19:02:50,1,2025-05-05 19:02:50,2025-05-06 09:07:38,100000,paid,,0,0,,0,
444,363,2025-05-06 07:15:37,2025-06-05 07:15:37,1,2025-05-06 07:15:37,2025-05-06 14:52:26,100000,paid,,0,0,,0,
445,364,2025-05-06 14:48:02,2025-06-05 14:48:02,1,2025-05-06 14:48:02,2025-05-07 15:12:55,100000,paid,,0,0,,0,
446,365,2025-05-06 15:17:55,2025-06-05 15:17:55,1,2025-05-06 15:17:55,2025-05-07 15:13:11,100000,paid,,0,0,,0,
447,366,2025-05-06 15:38:07,2025-06-05 15:38:07,1,2025-05-06 15:38:07,2025-05-07 15:13:36,100000,paid,,0,0,,0,
448,200,2025-05-06 20:49:48,2025-06-05 20:49:48,1,2025-05-06 20:49:48,2025-05-07 15:17:04,100000,paid,,0,0,,0,
449,160,2025-05-06 20:49:53,2025-06-05 20:49:53,1,2025-05-06 20:49:53,2025-05-08 11:19:12,100000,paid,,0,0,,0,
450,334,2025-05-07 10:19:38,2025-06-06 10:19:38,1,2025-05-07 10:19:38,2025-05-08 11:19:25,100000,paid,,0,0,,0,
451,369,2025-05-09 09:54:24,2025-06-08 09:54:24,1,2025-05-09 09:54:24,2025-05-09 15:26:00,100000,paid,,0,0,,0,
452,370,2025-05-09 09:58:14,2025-06-08 09:58:14,1,2025-05-09 09:58:14,2025-05-09 16:45:57,100000,paid,,0,0,,0,
453,113,2025-05-09 14:50:11,2025-06-08 14:50:11,1,2025-05-09 14:50:11,2025-05-09 18:15:22,100000,paid,,0,0,,0,
454,207,2025-05-09 18:14:36,2025-07-08 18:14:36,7,2025-05-09 18:14:36,2025-05-10 10:56:18,85000,paid,,0,0,,0,
455,371,2025-05-09 18:17:29,2025-06-08 18:17:29,1,2025-05-09 18:17:29,2025-05-10 15:39:34,100000,paid,,0,0,,0,
456,372,2025-05-11 12:10:56,2025-07-10 12:10:56,7,2025-05-11 12:10:56,2025-05-14 21:53:34,85000,paid,,0,0,,0,
457,305,2025-05-12 07:17:05,2025-06-11 07:17:05,1,2025-05-12 07:17:05,2025-05-12 10:39:14,100000,paid,,0,0,,0,
458,343,2025-05-12 10:38:04,2025-06-11 10:38:04,1,2025-05-12 10:38:04,2025-05-13 07:24:17,100000,paid,,0,0,,0,
459,280,2025-05-12 12:32:00,2025-06-11 12:32:00,1,2025-05-12 12:32:00,2025-05-13 07:23:58,100000,paid,,0,0,,0,
460,280,2025-06-12 12:32:00,2025-07-12 12:32:00,1,2025-05-12 12:32:11,2025-06-10 08:22:17,100000,paid,,0,0,,0,
461,373,2025-05-12 16:41:35,2025-06-11 16:41:35,1,2025-05-12 16:41:35,2025-05-13 07:26:01,100000,paid,,0,0,,0,
462,374,2025-05-12 16:42:22,2025-06-11 16:42:22,1,2025-05-12 16:42:22,2025-05-13 07:26:16,100000,paid,,0,0,,0,
463,132,2025-05-12 16:59:03,2025-06-11 16:59:03,1,2025-05-12 16:59:03,2025-05-13 07:26:28,100000,paid,,0,0,,0,
464,243,2025-05-12 19:49:36,2025-08-10 19:49:36,4,2025-05-12 19:49:36,2025-07-17 18:20:03,280000,paid,Freeze du 18/07/2025 jusqu’à 25/08/2025,10,1,2025-05-22,0,
465,149,2025-05-12 20:37:09,2025-06-11 20:37:09,1,2025-05-12 20:37:09,2025-05-13 07:26:56,100000,paid,,0,0,,0,
466,345,2025-05-13 12:32:01,2025-06-12 12:32:01,1,2025-05-13 12:32:01,2025-05-14 10:08:15,100000,paid,,0,0,,0,
467,188,2025-05-13 13:49:50,2025-06-12 13:49:50,1,2025-05-13 13:49:50,2025-05-14 10:07:54,100000,paid,,0,0,,0,
468,375,2025-05-13 14:48:20,2025-06-12 14:48:20,1,2025-05-13 14:48:20,2025-05-14 10:08:43,100000,paid,,0,0,,0,
469,269,2025-05-13 17:23:25,2025-06-12 17:23:25,1,2025-05-13 17:23:25,2025-05-14 10:07:34,100000,paid,,0,0,,0,
470,347,2025-05-15 19:01:13,2025-06-14 19:01:13,1,2025-05-13 19:17:27,2025-05-14 10:06:44,100000,paid,,0,0,,0,
471,137,2025-05-14 14:05:15,2025-06-13 14:05:15,1,2025-05-14 14:05:15,2025-05-14 18:37:56,100000,paid,,0,0,,0,
472,344,2025-05-14 17:35:07,2025-06-13 17:35:07,1,2025-05-14 17:35:07,2025-05-15 08:28:45,100000,paid,,0,0,,0,
473,215,2025-05-15 07:21:57,2025-06-14 07:21:57,1,2025-05-15 07:21:57,2025-05-15 13:01:20,100000,paid,,0,0,,0,
474,377,2025-05-17 08:00:14,2025-06-16 08:00:14,1,2025-05-17 08:00:14,2025-05-17 17:08:24,100000,paid,,0,0,,0,
475,335,2025-05-17 15:09:19,2025-06-16 15:09:19,1,2025-05-17 15:09:19,2025-05-19 21:41:59,100000,paid,,0,0,,0,
476,190,2025-05-18 17:53:50,2025-06-17 17:53:50,1,2025-05-18 17:53:50,2025-05-19 21:40:03,100000,paid,,0,0,,0,
477,378,2025-05-19 16:50:34,2025-06-18 16:50:34,1,2025-05-19 16:50:34,2025-05-20 09:36:48,100000,paid,,0,0,,0,
478,379,2025-05-21 08:07:00,2025-06-20 08:07:00,1,2025-05-21 08:07:00,2025-05-22 08:36:21,100000,paid,,0,0,,0,
479,380,2025-05-22 18:43:08,2025-06-21 18:43:08,1,2025-05-22 18:43:08,2025-05-24 14:02:35,100000,paid,,0,0,,0,
480,183,2025-05-24 17:28:18,2025-06-23 17:28:18,1,2025-05-23 14:00:51,2025-05-24 14:02:05,100000,paid,,0,0,,0,
481,308,2025-05-24 11:45:47,2025-06-23 11:45:47,1,2025-05-24 11:45:47,2025-05-26 06:50:47,100000,paid,,0,0,,0,
482,382,2025-05-26 18:51:16,2025-06-25 18:51:16,1,2025-05-26 18:51:16,2025-05-27 07:54:47,100000,paid,,0,0,,0,
483,353,2025-05-26 19:08:03,2025-06-25 19:08:03,1,2025-05-26 19:08:03,2025-05-27 07:55:09,100000,paid,,0,0,,0,
484,101,2025-05-26 19:37:24,2025-06-25 19:37:24,1,2025-05-26 19:37:24,2025-05-27 07:54:22,100000,paid,,0,0,,0,
485,270,2025-05-27 17:57:26,2025-06-26 17:57:26,1,2025-05-27 17:57:26,2025-05-28 12:10:41,100000,paid,,0,0,,0,
486,291,2025-05-28 08:37:55,2025-06-27 08:37:55,1,2025-05-28 08:37:55,2025-05-28 12:11:04,100000,paid,,0,0,,0,
487,138,2025-05-29 10:19:12,2025-06-28 10:19:12,1,2025-05-29 10:19:12,2025-05-29 13:43:17,100000,paid,,0,0,,0,
488,327,2025-05-30 20:11:55,2025-12-16 20:11:55,5,2025-05-30 20:11:55,2025-07-21 21:39:57,540000,paid,,0,0,2025-08-10,0,
489,189,2025-05-31 14:37:02,2025-06-30 14:37:02,1,2025-05-31 14:37:02,2025-06-02 06:48:17,100000,paid,,0,0,,0,
490,276,2025-06-01 15:53:20,2025-07-01 15:53:20,1,2025-06-01 15:53:20,2025-06-02 07:33:30,100000,paid,,0,0,,0,
491,356,2025-06-01 17:12:50,2025-07-01 17:12:50,1,2025-06-01 17:12:50,2025-06-02 21:24:15,100000,paid,,0,0,,0,
492,330,2025-06-02 06:45:39,2025-07-02 06:45:39,1,2025-06-02 06:45:39,2025-06-02 09:57:58,100000,paid,,0,0,,0,
493,258,2025-06-02 13:37:36,2025-07-02 13:37:36,1,2025-06-02 13:37:36,2025-06-02 21:25:09,100000,paid,,0,0,,0,
494,383,2025-06-02 17:29:37,2025-07-02 17:29:37,1,2025-06-02 17:29:37,2025-06-02 21:25:36,100000,paid,,0,0,,0,
495,325,2025-06-02 17:47:40,2025-07-02 17:47:40,1,2025-06-02 17:47:40,2025-06-02 21:24:36,100000,paid,,0,0,,0,
496,278,2025-06-03 07:59:47,2025-07-03 07:59:47,1,2025-06-03 07:59:47,2025-06-03 21:37:48,100000,paid,,0,0,,0,
497,211,2025-06-04 11:32:13,2025-07-04 11:32:13,1,2025-06-04 11:32:13,2025-06-05 08:31:57,100000,paid,,0,0,,0,
498,360,2025-06-04 18:16:17,2025-07-04 18:16:17,1,2025-06-04 18:16:17,2025-06-05 12:46:06,100000,paid,,0,0,,0,
499,208,2025-06-05 13:30:58,2025-07-05 13:30:58,1,2025-06-05 13:30:58,2025-06-06 12:51:58,100000,paid,,0,0,,0,
500,385,2025-06-07 14:48:59,2025-07-07 14:48:59,1,2025-06-07 14:48:59,2025-06-10 06:21:40,100000,paid,,0,0,,0,
501,386,2025-06-07 14:50:17,2025-07-07 14:50:17,1,2025-06-07 14:50:17,2025-06-10 10:11:21,100000,paid,,0,0,,0,
502,301,2025-06-10 07:34:50,2025-07-10 07:34:50,1,2025-06-10 07:34:50,2025-06-10 15:30:01,100000,paid,,0,0,,0,
503,388,2025-06-10 13:07:55,2025-07-10 13:07:55,1,2025-06-10 13:07:55,2025-06-10 20:35:16,100000,paid,,0,0,,0,
504,228,2025-06-10 14:58:07,2025-09-08 14:58:07,4,2025-06-10 14:58:07,2025-06-10 20:35:45,280000,paid,,0,0,,0,
505,288,2025-06-10 16:47:14,2025-07-10 16:47:14,1,2025-06-10 16:47:14,2025-06-10 20:36:07,100000,paid,,0,0,,0,
506,195,2025-06-10 17:15:31,2025-08-09 17:15:31,7,2025-06-10 17:15:31,2025-06-10 20:36:27,85000,paid,,0,0,,0,
507,200,2025-06-10 20:34:13,2025-07-10 20:34:13,1,2025-06-10 20:34:13,2025-06-11 09:14:58,100000,paid,,0,0,,0,
508,160,2025-06-10 20:34:20,2025-07-10 20:34:20,1,2025-06-10 20:34:20,2025-06-11 09:15:20,100000,paid,,0,0,,0,
509,145,2025-06-13 08:57:56,2025-08-12 08:57:56,7,2025-06-11 07:41:38,2025-06-13 09:11:04,85000,paid,,0,0,,0,
510,117,2025-06-11 17:45:20,2025-07-11 17:45:20,1,2025-06-11 17:45:20,2025-06-13 09:10:42,100000,paid,,0,0,,0,
511,389,2025-06-11 19:23:20,2025-07-11 19:23:20,1,2025-06-11 19:23:20,2025-06-13 09:11:28,100000,paid,,0,0,,0,
512,373,2025-06-12 06:54:46,2025-07-12 06:54:46,1,2025-06-12 06:54:46,2025-06-13 09:12:26,100000,paid,,0,0,,0,
513,283,2025-06-12 14:54:00,2025-07-12 14:54:00,1,2025-06-12 14:54:00,2025-06-13 09:12:47,100000,paid,,0,0,,0,
514,132,2025-06-12 16:32:54,2025-07-12 16:32:54,1,2025-06-12 16:32:54,2025-06-13 09:13:15,100000,paid,,0,0,,0,
515,374,2025-06-12 17:25:15,2025-07-12 17:25:15,1,2025-06-12 17:25:15,2025-06-13 09:13:51,100000,paid,,0,0,,0,
516,269,2025-06-13 17:53:14,2025-07-13 17:53:14,1,2025-06-13 17:53:14,2025-06-14 11:38:41,100000,paid,,0,0,,0,
517,305,2025-06-13 18:19:56,2025-07-13 18:19:56,1,2025-06-13 18:19:56,2025-06-14 14:14:00,100000,paid,,0,0,,0,
518,305,2025-07-14 18:19:56,2025-08-13 18:19:56,1,2025-06-13 18:30:22,2025-06-14 18:01:02,100000,cancelled,,0,0,,0,
521,391,2025-06-14 14:53:15,2025-07-14 14:53:15,1,2025-06-14 14:53:15,2025-06-14 14:55:45,80000,cancelled,paid by orange,0,0,,1,
522,392,2025-06-15 14:01:30,2025-07-15 14:01:30,1,2025-06-15 14:01:30,2025-06-16 11:25:58,100000,paid,,0,0,,0,
523,393,2025-06-16 10:28:15,2025-07-16 10:28:15,1,2025-06-16 10:28:15,2025-06-17 06:51:52,100000,paid,,0,0,,0,
524,155,2025-06-16 17:07:35,2025-07-16 17:07:35,1,2025-06-16 17:07:35,2025-06-17 06:58:30,100000,paid,,0,0,,0,
525,394,2025-06-17 14:28:40,2025-09-22 14:28:00,4,2025-06-17 14:28:40,2025-06-18 13:11:21,250000,cancelled,Madame tima a demande une reductio de 15%\r\nElle a demande un freeze d’une semainde de 17 juin jsuquey 24juin - bob,7,1,2025-06-24,1,
526,347,2025-06-17 15:49:59,2025-07-17 15:49:59,1,2025-06-17 15:49:59,2025-06-18 13:10:58,100000,paid,,0,0,,0,
527,395,2025-06-17 17:34:15,2025-09-15 17:34:15,4,2025-06-17 17:34:15,2025-06-18 13:10:41,280000,paid,,0,0,,0,
528,149,2025-06-18 18:22:27,2025-07-18 18:22:27,1,2025-06-18 18:22:27,2025-06-19 12:16:14,100000,paid,,0,0,,0,
529,151,2025-06-18 19:30:45,2025-06-19 19:30:45,6,2025-06-18 19:30:45,2025-06-19 16:42:40,10000,paid,,0,0,,0,
530,397,2025-06-18 20:37:32,2025-07-18 20:37:32,1,2025-06-18 20:37:32,2025-06-19 16:43:18,100000,paid,,0,0,,0,
531,321,2025-03-26 00:00:00,2025-04-26 00:00:00,1,2025-06-18 20:46:53,2025-06-18 20:46:53,100000,paid,,0,0,,0,
532,321,2025-04-26 00:00:00,2025-05-26 00:00:00,1,2025-06-18 20:48:02,2025-06-18 20:48:02,100000,paid,,0,0,,0,
533,321,2025-05-26 00:00:00,2025-06-26 00:00:00,1,2025-06-18 20:48:51,2025-06-18 20:48:51,100000,paid,,0,0,,0,
534,399,2025-06-19 19:01:44,2025-07-19 19:01:44,1,2025-06-19 19:01:44,2025-06-20 13:34:18,100000,paid,,0,0,,0,
535,400,2025-06-19 20:29:24,2025-07-19 20:29:24,1,2025-06-19 20:29:24,2025-06-20 13:34:38,100000,paid,,0,0,,0,
536,401,2025-06-20 19:29:46,2025-07-20 19:29:46,1,2025-06-20 19:29:46,2025-06-21 09:34:21,100000,paid,,0,0,,0,
543,403,2025-06-23 11:24:55,2025-07-23 11:24:55,1,2025-06-23 11:24:55,2025-06-23 12:14:19,100000,paid,,0,0,,0,
545,387,2025-06-23 14:53:16,2025-07-23 14:53:16,1,2025-06-23 14:53:16,2025-06-23 18:23:14,100000,paid,,0,0,,0,
546,404,2025-06-23 17:12:31,2025-07-23 17:12:31,1,2025-06-23 17:12:31,2025-06-23 20:36:44,100000,paid,,0,0,,0,
547,183,2025-06-24 10:15:30,2025-07-24 10:15:30,1,2025-06-24 10:15:30,2025-06-24 19:49:30,100000,paid,,0,0,,0,
548,405,2025-06-24 11:44:24,2025-07-24 11:44:24,1,2025-06-24 11:44:24,2025-06-24 19:49:47,100000,paid,,0,0,,0,
549,354,2025-06-24 16:02:09,2025-07-24 16:02:09,1,2025-06-24 16:02:09,2025-06-24 19:50:10,100000,paid,,0,0,,0,
550,247,2025-06-24 19:42:21,2025-07-24 19:42:21,1,2025-06-24 19:42:21,2025-06-24 19:47:35,100000,paid,,0,0,,0,
551,188,2025-06-25 13:32:12,2025-07-25 13:32:12,1,2025-06-25 13:32:12,2025-06-25 20:15:31,100000,paid,,0,0,,0,
552,390,2025-06-25 16:00:05,2025-07-25 16:00:05,1,2025-06-25 16:00:05,2025-06-25 20:15:47,100000,paid,,0,0,,0,
553,371,2025-06-25 18:01:02,2025-07-25 18:01:02,1,2025-06-25 18:01:02,2025-06-26 17:53:14,100000,paid,,0,0,,0,
554,406,2025-06-27 10:05:35,2025-07-27 10:05:35,1,2025-06-27 10:05:35,2025-06-27 10:11:53,100000,paid,,0,0,,0,
555,407,2025-06-27 16:57:50,2025-07-27 16:57:50,1,2025-06-27 16:57:50,2025-06-27 17:07:26,100000,paid,,0,0,,0,
556,359,2025-06-28 15:10:28,2025-07-28 15:10:28,1,2025-06-28 15:10:28,2025-06-28 15:12:36,100000,paid,,0,0,,0,
557,174,2025-06-30 15:21:20,2025-07-30 15:21:20,1,2025-06-30 15:21:20,2025-06-30 18:13:22,100000,paid,,0,0,,0,
558,353,2025-06-30 18:44:38,2025-07-30 18:44:38,1,2025-06-30 18:44:38,2025-06-30 18:48:20,100000,paid,,0,0,,0,
559,408,2025-07-01 17:22:24,2025-07-31 17:22:24,1,2025-07-01 17:22:24,2025-07-01 17:39:10,100000,paid,,0,0,,0,
560,356,2025-07-02 07:01:24,2025-08-01 07:01:24,1,2025-07-02 07:01:24,2025-07-02 13:49:44,100000,paid,,0,0,,0,
561,409,2025-07-02 12:11:52,2025-08-01 12:11:52,1,2025-07-02 12:11:52,2025-07-02 16:02:15,100000,paid,,0,0,,0,
562,410,2025-07-02 19:41:27,2025-08-01 19:41:27,1,2025-07-02 19:41:27,2025-07-02 19:41:55,100000,paid,,0,0,,0,
563,190,2025-07-03 07:26:08,2025-08-02 07:26:08,1,2025-07-03 07:26:08,2025-07-03 07:26:51,100000,paid,,0,0,,0,
564,306,2025-07-03 17:54:22,2025-08-02 17:54:22,1,2025-07-03 17:54:22,2025-07-03 21:36:02,100000,paid,,0,0,,0,
565,412,2025-07-04 13:40:30,2025-08-03 13:40:30,1,2025-07-04 13:40:30,2025-07-04 18:09:56,100000,paid,,0,0,,0,
566,325,2025-07-04 17:55:42,2025-08-03 17:55:42,1,2025-07-04 17:55:42,2025-07-04 18:04:19,100000,paid,,0,0,,0,
567,215,2025-07-06 16:28:04,2025-08-05 16:28:04,1,2025-07-06 16:28:04,2025-07-07 09:42:29,100000,paid,,0,0,,0,
568,291,2025-07-07 06:34:19,2025-08-06 06:34:19,1,2025-07-07 06:34:19,2025-07-07 09:42:45,100000,paid,,0,0,,0,
569,191,2025-07-07 14:16:48,2025-08-06 14:16:48,1,2025-07-07 14:16:48,2025-07-07 14:35:35,100000,confirmed,,0,0,,0,
570,411,2025-07-07 16:40:13,2025-08-06 16:40:13,1,2025-07-07 16:40:13,2025-07-07 19:39:51,100000,paid,,0,0,,0,
571,360,2025-07-07 18:55:09,2025-08-06 18:55:09,1,2025-07-07 18:55:09,2025-07-08 12:43:15,100000,paid,,0,0,,0,
572,154,2025-07-08 06:27:04,2025-08-07 06:27:04,1,2025-07-08 06:27:04,2025-07-08 09:52:54,100000,paid,,0,0,,0,
573,128,2025-07-08 17:51:42,2025-08-07 17:51:42,1,2025-07-08 17:51:42,2025-07-08 17:53:23,100000,paid,,0,0,,0,
574,413,2025-07-08 19:21:16,2025-08-07 19:21:16,1,2025-07-08 19:21:16,2025-07-08 19:23:40,100000,paid,,0,0,,0,
575,415,2025-07-11 20:28:57,2025-08-10 20:28:57,1,2025-07-11 20:28:57,2025-07-11 20:30:43,100000,paid,,0,0,,0,
576,415,2025-08-11 20:28:57,2025-09-10 20:28:57,1,2025-07-11 20:29:04,2025-07-11 20:30:23,100000,cancelled,,0,0,,0,
577,305,2025-08-14 18:19:56,2025-10-13 18:19:56,7,2025-07-14 07:38:15,2025-07-14 13:40:21,85000,paid,,0,0,,0,
578,132,2025-07-14 17:02:00,2025-08-13 17:02:00,1,2025-07-14 17:02:00,2025-07-14 17:11:52,100000,paid,,0,0,,0,
579,417,2025-07-14 17:25:44,2025-08-13 17:25:44,1,2025-07-14 17:25:44,2025-07-14 17:27:20,100000,paid,,0,0,,0,
580,288,2025-07-15 16:47:02,2025-08-14 16:47:02,1,2025-07-15 16:47:02,2025-07-15 16:48:27,100000,paid,,0,0,,0,
581,418,2025-07-15 17:24:40,2025-08-14 17:24:40,1,2025-07-15 17:24:40,2025-07-15 17:49:44,100000,paid,,0,0,,0,
582,374,2025-07-15 17:47:16,2025-08-14 17:47:16,1,2025-07-15 17:47:16,2025-07-15 17:49:13,100000,paid,,0,0,,0,
583,155,2025-07-17 18:43:31,2025-08-16 18:43:31,1,2025-07-17 18:43:31,2025-07-17 18:46:16,100000,paid,,0,0,,0,
584,321,2025-07-17 22:00:00,2025-08-17 22:00:00,1,2025-07-17 22:35:22,2025-07-17 22:35:22,100000,paid,,0,0,,0,
585,211,2025-07-18 11:18:20,2025-08-17 11:18:20,1,2025-07-18 11:18:20,2025-07-18 19:53:25,100000,paid,,0,0,,0,
586,373,2025-07-21 17:38:25,2025-08-20 17:38:25,1,2025-07-21 17:38:25,2025-07-21 17:43:49,100000,paid,,0,0,,0,
587,420,2025-07-21 17:40:49,2025-08-20 17:40:49,1,2025-07-21 17:40:49,2025-07-21 17:44:22,100000,paid,,0,0,,0,
588,397,2025-07-22 19:21:17,2025-08-21 19:21:17,1,2025-07-22 19:21:17,2025-07-22 19:25:50,100000,paid,,0,0,,0,
589,421,2025-07-23 19:41:01,2025-08-22 19:41:01,1,2025-07-23 19:41:01,2025-07-23 19:46:58,100000,paid,,0,0,,0,
590,245,2025-07-24 15:27:40,2025-08-23 15:27:40,1,2025-07-24 15:27:40,2025-07-24 18:13:53,100000,paid,,0,0,,0,
591,405,2025-07-24 19:07:32,2025-09-22 19:07:32,7,2025-07-24 19:07:32,2025-07-24 19:45:12,85000,paid,,0,0,,0,
592,422,2025-07-25 17:47:45,2025-08-24 17:47:45,1,2025-07-25 17:47:45,2025-07-25 17:48:33,100000,paid,,0,0,,0,
593,423,2025-07-28 06:35:07,2025-08-27 06:35:07,1,2025-07-28 06:35:07,2025-07-28 08:48:09,100000,paid,,0,0,,0,
594,250,2025-07-15 00:00:00,2025-08-15 00:00:00,1,2025-07-28 10:21:38,2025-07-28 10:21:38,100000,paid,,0,0,,0,
595,406,2025-07-28 11:04:58,2025-08-27 11:04:58,1,2025-07-28 11:04:58,2025-07-28 11:06:45,100000,paid,,0,0,,0,
596,359,2025-07-29 15:10:28,2025-08-28 15:10:28,1,2025-07-28 12:02:01,2025-07-28 12:10:50,100000,paid,,0,0,,0,
597,247,2025-07-29 19:15:05,2025-08-28 19:15:05,1,2025-07-29 19:15:05,2025-07-29 19:20:46,100000,paid,À payer 75.000 à cause de la promotion qui prend fin en septembre,0,0,,1,
598,183,2025-08-01 21:44:07,2025-08-31 21:44:07,1,2025-08-01 21:44:07,2025-08-02 14:45:23,100000,paid,Le 27-07-2025 il a payer 75.000 pour son abonnement d’un mois . Donc son abonnement prend fin le 27-08-2025.,0,0,,1,
599,356,2025-08-04 06:03:31,2025-09-03 06:03:31,1,2025-08-04 06:03:31,2025-08-04 06:08:50,100000,paid,,0,0,,0,
